Apple,,Samsung,Стекло-Глазурь,,Dyson,,Sony Playstation,,Яндекс Станции,,Прочее,,DJI,,Dreame,,Marshall ,,Ray-Ban
,,,,,,,,,,,,,,,,,,,
Apple iPhone 17 256 Black (eSIM) - 77.000₽,,Samsung Galaxy A57 8/128 Navy - 30.000₽,Глазурь iPhone 15/16 Глянец с аппликатором - 500,,Стайлер Long HS05 Prussian Blue/Rich Copper - 38.000₽,,Sony DualSense White - 6.300₽,,Яндекс Станция Макс Zigbee 3 Бежевая - 30.500₽,,Картриджи Instax Mini Glossy Films 10 Sheets-1500,,DJI MIC mini - 10.000₽,,Dreame L10S Pro Black EU - 26300,,Marshall Major V Black - 5.500,,Ray-Ban RW4006 Matte Black/Transitions Graph Green М-27500
Apple iPhone 17 256 Black (sim+eSIM) - 78.500₽,,Samsung Galaxy А57 8/128 Gray - 30.000₽,Глазурь iPhone 15/16 Глянец BOX - 500,,,,Sony DualSense Blue - 6.000₽,,Яндекс Станция Макс Zigbee 3 Бирюзовая - 30.500₽,,Картриджи Instax Mini Glossy Films 20 Sheets-2500,,DJI MIC mini (2TX + 1RX + Charging Case) 7.800,,"Dreame L40S Pro Ultra White RU ""NEW - 69300",,Marshall Major V Brown - 5.500,,
Apple iPhone 17 256 Lavender (eSIM) - 76.500₽,,Samsung Galaxy А57 8/128 Icyblue - 29.500₽,Глазурь iPhone 15/16 Глянец OEM - 400,,Стайлер Long HS08 Ceramic Pink - 36.000₽,,Sony DualSense Camouflage - 6.000₽,,Яндекс Станция Макс Zigbee 3 Зеленый - 30.500₽,,,,DJI MIC mini Transmitter - 5.500,,"Dreame L40S Ultra White RU NEW ""NEW"" - 58300",,Marshall Major V Cream - 5.500,,Ray-Ban RW4012 Matte Black / Clear М- 33500
Apple iPhone 17 256 Lavender (sim+eSIM) - 78.000₽,,Samsung Galaxy А57 8/128 Lilac - 30.000₽,,,Стайлер Long HS08 Jasper/Plum- 42.000₽,,Sony DualSense Red - 6.000₽,,Яндекс Станция Макс ZigBee 3 Черная - 30.500₽,,Fujifilm Instax Mini 12 Blue-9000,,"DJI MIC mini (1 TX + 1 RX), Black - 6.000",,,,Marshall Major V Midnight Blue - 5.500,,
Apple iPhone 17 256 Mist Blue (eSIM) - 76.500₽,,Samsung Galaxy А57 8/256 Gray - 34.000₽,"Глазурь iPhone 16/17 Pro AR Многоразовый аппликатор - 1,300",,Стайлер Long HS08 Prussian Blue/Rich Cooper - 36.000₽,,Sony DualSense Pink - 7.000₽,,,,Fujifilm Instax Mini 12 Green-9000,,,,"Dreame L40 Ultra CE White RU ""NEW"" - 47300",,,,Ray-Ban Meta Wayfarer (Gen 2) 0RW4012 601/SSB50 50-22 Matte Black/ Clear - 34.000
Apple iPhone 17 256 Mist Blue (sim+eSIM) - 77.500₽,,Samsung Galaxy А57 8/256 Icyblue - 34.000₽,Глазурь iPhone 16/17 Pro AR BOX - 600,,Стайлер Long HS08 Vinca Blue/Topaz Orange - 36.000₽,,Sony DualSense Purple - 6.000₽,,Яндекс Станция Миди Изумрудная - 15.000₽,,Fujifilm Instax Mini 12 Pink-9000,,DJI Osmo Mobile SE - 7.500₽,,,,,,
Apple iPhone 17 256 Sage (eSIM) - 76.000₽,,Samsung Galaxy А57 8/256 Lilac - 34.000₽,,,,,Sony DualSense Black - 6.300₽,,Яндекс Станция Миди Малиновая - 14.500₽,,,,,,"Dreame X50 Master Black RU ""NEW"" - 89300",,,,Ray-Ban Meta Wayfarer (Gen 2) 0RW4012 601/SSB53 53 Matte Black/ Clear - 35.000
Apple iPhone 17 256 Sage (sim+eSIM) - 78.000₽,,Samsung Galaxy А57 8/256 Navy - 34.000₽,Глазурь iPhone 17 Глянец с аппликатором - 500,,Стайлер Long HS09 Apricot Topaze - 49.000₽,,Sony DualSense Chrome Indigo - 6.200₽,,Яндекс Станция Миди Серая - 15.000₽,,Google Fitbit Air Berry-11500,,,,"Dreame X50 Ultra Complete Black RU ""NEW"" - 84300",,,,
Apple iPhone 17 256 White (eSIM) - 76.500₽,,,Глазурь iPhone 17 Глянец BOX - 500,,Стайлер Long HS09 Ceramic Pink - 46.000₽,,Sony DualSense Chrome Pearl - 6.500₽,,Яндекс Станция Миди Черная - 14.500₽,,Google Fitbit Air Berry-11500,,,,,,,,Ray-Ban Meta Wayfarer (Gen 2) RW4012 601/S1Z 50-22 Matte Black/ Grey Transitions - 38.000
Apple iPhone 17 256 White (sim+eSIM) - 78.000₽,,Samsung Galaxy A37 8/128 Charcoal - 25.500₽,Глазурь iPhone 17 Глянец OEM - 400,,Стайлер Long HS09 Jasper Plum - 46.000₽,,Sony DualSense Chrome Teal - 6.500₽,,,,Google Fitbit Air Black-12000,,,,"Dreame F10 White RU ""NEW"" - 14300",,,,
,,Samsung Galaxy A37 8/128 GrayGreen - 25.500₽,,,,,Sony DualSense Cobalt Blue - 6.300₽,,Яндекс Станция Мини 3 (с часами) Лиловая - 9.000₽,,Google Fitbit Air Lavender-11500,,,,"Dreame F10 Black RU ""NEW"" - 14300",,,,
Apple iPhone 17 Pro 256 Blue (eSIM) - 96.000₽,,Samsung Galaxy A37 8/128 Lavander - 26.000₽,Глазурь iPhone 17 Pro Глянец с аппликатором - 500,,Выпрямитель AirStrait HT01 Apricot Topaze - 33.000₽,,Sony DualSense Sterling Silver - 6.300₽,,Яндекс Станция Мини 3 (с часами) Серая - 9.000₽,,,,,,"Dreame F10 Plus White RU ""NEW"" - 20800",,,,
Apple iPhone 17 Pro 256 Blue (sim+eSIM) - 100.500₽,,Samsung Galaxy A37 8/128 White - 26.000₽,Глазурь iPhone 17 Pro Глянец BOX - 500,,Выпрямитель AirStrait HT01 Ceramic Pink Rose Gold - 30.000₽,,Sony DualSense Ghost of Yōtei — Black Limited Edition - 9.500,,Яндекс Станция Мини 3 (с часами) Чёрная - 9.000₽,,Asus Zenbook 14 Ponder Blue 117 000,,,,,,,,
Apple iPhone 17 Pro 256 Orange (eSIM) - 94.000₽,,Samsung Galaxy A37 8/256 Charcoal - 28.500₽,Глазурь iPhone 17 Pro Глянец OEM - 400,,Выпрямитель AirStrait HT01 Prussian Blue/Rich Cooper - 30.000₽,,Sony DualSense Ghost of Yōtei — Gold Limited Edition - 9.500,,,,Honor Magicbook Art 14 133 000,,,,Dreame D10S White EU - 20300,,,,
Apple iPhone 17 Pro 256 Orange (sim+eSIM) - 98.500₽,,Samsung Galaxy A37 8/256 GrayGreen - 28.500₽,Глазурь iPhone 17 Pro AR BOX - 600,,,,,,Яндекс Станция Мини 3 Про Зелёная - 11.000₽,,,,,,Dreame D10S PLUS Black EU - 29300,,,,
Apple iPhone 17 Pro 256 Silver (eSIM) - 97.000₽,,Samsung Galaxy A37 8/256 Lavender - 28.500₽,"Глазурь iPhone 17/18 Pro AR Многоразовый аппликатор - 1,300",,,,Sony PlayStation 5 Pro - 111 000,,Яндекс Станция Мини 3 Про Серая - 11.000₽,,Canon G7x Mark 3 Black - 101000,,,,Dreame D10S PRO Black EU - 23300,,,,
Apple iPhone 17 Pro 256 Silver (sim+eSIM) - 105.500₽,,Samsung Galaxy A37 8/256 White - 28.500₽,,,,,Sony PlayStation 5 Slim - 71.500,,Яндекс Станция Мини 3 Про Синяя - 11.000₽,,Kodak Charmera 1987 - 3500,,,,,,,,
,,,Глазурь iPhone 17 Pro Max Глянец с аппликатором - 500,,,,,,Яндекс Станция Мини 3 Про Чёрная - 11.000₽,,,,,,"Dreame D20 White RU ""NEW"" - 21300",,,,
Apple iPhone 17 Pro 512 Blue (eSIM) - 113.500₽,,Samsung Galaxy S25 Ultra 12/512 Titanium Gray - 74.000₽,Глазурь iPhone 17 Pro Max Глянец BOX - 500,,,,Sony PlayStation Portal Black - 23800,,,,Whoop One - 18000,,,,"Dreame D20 Black RU ""NEW"" - 20300",,,,
Apple iPhone 17 Pro 512 Blue (sim+eSIM) - 124.000₽,,Samsung Galaxy S25 12/256 Icyblue - 53.000₽,Глазурь iPhone 17 Pro Max Глянец OEM - 400,,,,Sony PlayStation Portal White - 23800,,Яндекс Станция 3 Серая - 25.000₽,,Whoop Peak - 23000,,,,,,,,
Apple iPhone 17 Pro 512 Orange (eSIM) - 108.500₽,,Samsung Galaxy S25 12/256 Navy - 53.000₽,Глазурь iPhone 17 Pro Max AR BOX - 600,,,,,,Яндекс Станция 3 Фиолетовая - 25.000₽,,,,,,"Dreame L50 Ultra CE White RU ""NEW"" - 70300",,,,
Apple iPhone 17 Pro 512 Orange (sim+eSIM) - 116.500₽,,Samsung Galaxy S25 12/256 Silver Shadow - 55.000₽,Глазурь iPhone 17/18 Pro Max AR Многоразовый аппликатор - 1 300,,,,Док-станция DualSense - 3.000₽,,Яндекс Станция 3 Черная - 23.000₽,,Часы Garmin Forerunner 570 42mm Black 010-02970-00 - 39.000₽,,,,,,,,
Apple iPhone 17 Pro 512 Silver (eSIM) - 120.000₽,,Samsung Galaxy S25 Ultra 12/256 JetBlack - 69.000₽,,,,,,,,,,,,,"Dreame Aqua10 ultra Roller Complete White RU ""NEW"" - 103300",,,,
Apple iPhone 17 Pro 512 Silver (sim+eSIM)- 122.000₽,,Samsung Galaxy S25 Ultra 12/256 Titanium Black - 68.000₽,Глазурь iPhone Air Глянец с аппликатором - 500,,,,,,Яндекс Станция Стрит Серая - 11.000₽,,LEGO Icons 10365 «Чёрная Жемчужина Джека Воробья» - 40.000₽,,,,,,,,
,,Samsung Galaxy S25 Ultra 12/256 Titanium Gray - 68.000₽,Глазурь iPhone Air Глянец OEM - 400,,,,,,Яндекс Станция Стрит Чёрная - 11.000₽,,,,,,"Dreame X40 Ultra Complete White EU ""NEW"" - 68300",,,,
Apple iPhone 17 Pro 1TB Blue (eSIM) - 127.000₽,,Samsung Galaxy S25 Ultra 12/256 Titanium SilverBlue - 69.000₽,,,,,,,,,Mavic 3 Pro - 217000,,,,,,,,
Apple iPhone 17 Pro 1TB Orange (eSIM) - 114.000₽,,Samsung Galaxy S25 Ultra 12/512 Titanium Black - 74.000₽,,,,,,,,,,,,,Dreame W10 White EU - 42300,,,,
Apple iPhone 17 Pro 1TB Silver (eSIM) - 134.000₽,,Samsung Galaxy S25 Ultra 12/512 Titanium SilverBlue - 74.000₽,,,,,,,,,Переходники MerKan — 90₽,,,,,,,,
,,Samsung Galaxy S25 Ultra 12/512 Titanium WhiteSilver - 74.000₽,,,,,,,,,,,,,Dreame C9 Black EU - 16300,,,,
Apple iPhone 17 Pro Max 256 Blue (eSIM) - 101.000₽,,,,,,,,,,,Ремонт Ваших Устройств,,,,,,,,
Apple iPhone 17 Pro Max 256 Blue (sim+eSIM) - 108.000₽,,Samsung Galaxy S26 12/256 Black - 64.000₽,,,,,,,,,,,,,"Dreame F21 Plus White RU ""NEW"" - 23300",,,,
Apple iPhone 17 Pro Max 256 Orange (eSIM) - 101.000₽,,Samsung Galaxy S26 12/256 Cobalt Violet - 63.000₽,,,,,,,,,Кабель Apple Watch to Type-C 1m - 2.900₽,,,,,,,,
Apple iPhone 17 Pro Max 256 Orange (sim+eSIM) - 107.500₽,,Samsung Galaxy S26 12/256 Silver Shadow - 66.000₽,,,,,,,,,Кабель Type-C - Lightning 1m - 1.500₽,,,,,,,,
Apple iPhone 17 Pro Max 256 Silver (eSIM) - 102.500₽,,Samsung Galaxy S26 12/256 Sky Blue - 63.000₽,,,,,,,,,Кабель Type-C - Lightning 2m - 1.600₽,,,,,,,,
Apple iPhone 17 Pro Max 256 Silver (sim+eSIM) - 113.000₽,,Samsung Galaxy S26 12/256 White - 64.000₽,,,,,,,,,Кабель Type-C - Type-C 1m - 1.400₽,,,,,,,,
,,Samsung Galaxy S26 Ultra 12/256 Black - 77.000₽,,,,,,,,,Кабель Type-C - Type-C 1M 60W - 1.900₽,,,,,,,,
Apple iPhone 17 Pro Max 512 Blue (eSIM) - 118.000₽,,Samsung Galaxy S26 Ultra 12/256 Cobalt Violet - 77.000₽,,,,,,,,,Кабель Type-C - Type-C 2m - 1.500₽,,,,,,,,
Apple iPhone 17 Pro Max 512 Blue (sim+eSIM) - 131.000₽,,Samsung Galaxy S26 Ultra 12/256 Sky Blue - 77.000₽,,,,,,,,,Кабель Type-C - Type-C 2M 240W - 2.500₽,,,,,,,,
Apple iPhone 17 Pro Max 512 Orange (eSIM) - 115.000₽,,Samsung Galaxy S26 Ultra 12/256 White - 78.000₽,,,,,,,,,Кабель USB-A - Lightning 1m - 1.200₽,,,,,,,,
Apple iPhone 17 Pro Max 512 Orange (sim+eSIM) - 126.000₽,,Samsung Galaxy S26 Ultra 12/512 Black - 93.500₽,,,,,,,,,Кабель USB-A - Lightning 2m - 1.400₽,,,,,,,,
Apple iPhone 17 Pro Max 512 Silver (eSIM) - 121.500₽,,Samsung Galaxy S26 Ultra 12/512 Cobalt Violet - 93.500₽,,,,,,,,,,,,,,,,,
Apple iPhone 17 Pro Max 512 Silver (sim+eSIM) - 137.500₽,,Samsung Galaxy S26 Ultra 12/512 Sky Blue - 91.500₽,,,,,,,,,Samsung PD Adapter 25w USB-C (без кабеля) - 1.300₽,,,,,,,,
,,Samsung Galaxy S26 Ultra 12/512 White - 93.000₽,,,,,,,,,Samsung PD Adapter 25w USB-C (с кабелем) - 1.700₽,,,,,,,,
Apple iPhone 17 Pro Max 1TB Blue (eSIM) - 135.500₽,,,,,,,,,,,Samsung PD Adapter 45w USB-C (без кабеля) - 1.700₽,,,,,,,,
Apple iPhone 17 Pro Max 1TB Blue (sim+eSIM) - 160.000₽,,,,,,,,,,,Samsung PD Adapter 45w USB-C (с кабелем) - 2.100₽,,,,,,,,
Apple iPhone 17 Pro Max 1TB Orange (eSIM) - 134.500₽,,,,,,,,,,,,,,,,,,,
Apple iPhone 17 Pro Max 1TB Orange (sim+eSIM) - 158.000₽,,,,,,,,,,,Адаптер Lightning to Jack 3.5mm - 1.100₽,,,,,,,,
Apple iPhone 17 Pro Max 1TB Silver (eSIM) - 142.000₽,,,,,,,,,,,Адаптер Type-C to Jack 3.5mm - 1.400₽,,,,,,,,
Apple iPhone 17 Pro Max 1TB Silver (sim+eSIM) - 171.000₽,,,,,,,,,,,,,,,,,,,
,,,,,,,,,,,"Блок Питания 20w - 1,400",,,,,,,,
Apple iPhone 17e 256 Black (eSIM) - 61.500₽,,,,,,,,,,,,,,,,,,,
Apple iPhone 17e 256 Black (sim+eSIM) - 68.000₽,,,,,,,,,,,,,,,,,,,
Apple iPhone 17e 256 Pink (eSIM) - 61.000₽,,,,,,,,,,,,,,,,,,,
Apple iPhone 17e 256 Pink (sim+eSIM) - 62.500₽,,,,,,,,,,,,,,,,,,,
Apple iPhone 17e 256 White (eSIM) - 63.000₽,,,,,,,,,,,,,,,,,,,
Apple iPhone 17e 256 White (sim+eSIM) - 68.000₽,,,,,,,,,,,,,,,,,,,
,,,,,,,,,,,,,,,,,,,
Apple iPhone Air 256 Cloud White (eSIM) - 75.000₽,,,,,,,,,,,,,,,,,,,
Apple iPhone Air 256 Light Gold (eSIM) - 74.000₽,,,,,,,,,,,,,,,,,,,
Apple iPhone Air 256 Sky Blue (eSIM) - 73.500₽,,,,,,,,,,,,,,,,,,,
Apple iPhone Air 256 Space Black (eSIM) - 75.000₽,,,,,,,,,,,,,,,,,,,
Apple iPhone Air 512 Sky Blue (eSIM) - 81.000₽,,,,,,,,,,,,,,,,,,,
,,,,,,,,,,,,,,,,,,,
Apple AirPods 4 - 10.300₽,,,,,,,,,,,,,,,,,,,
Apple AirPods 4 with ANC - 11.500₽,,,,,,,,,,,,,,,,,,,
Apple AirPods 5 - 13.000₽,,,,,,,,,,,,,,,,,,,
Apple AirPods 5 MagSafe - 15.500₽,,,,,,,,,,,,,,,,,,,
Apple AirPods Max 2 Blue - 43.000₽,,,,,,,,,,,,,,,,,,,
Apple AirPods Max 2 Midnight - 42.000₽,,,,,,,,,,,,,,,,,,,
Apple AirPods Max 2 Orange - 40.500₽,,,,,,,,,,,,,,,,,,,
Apple AirPods Max 2 Purple - 40.500₽,,,,,,,,,,,,,,,,,,,
Apple AirPods Max 2 Starlight - 42.000₽,,,,,,,,,,,,,,,,,,,
Apple AirPods Pro 2 Type-C - 18.000₽,,,,,,,,,,,,,,,,,,,
Apple AirPods Pro 3 - 18.500₽,,,,,,,,,,,,,,,,,,,
,,,,,,,,,,,,,,,,,,,
Apple iPhone 15 Pro Max 256 Blue - 88100,,,,,,,,,,,,,,,,,,,
Apple iPhone 15 Pro Max 256 Natural - 88100,,,,,,,,,,,,,,,,,,,
Apple iPhone 15 Pro Max 256 White - 88100,,,,,,,,,,,,,,,,,,,
Apple iPhone 15 Pro Max 512 Black - 106900,,,,,,,,,,,,,,,,,,,
Apple iPhone 16 Pro 1 TB White - 126400,,,,,,,,,,,,,,,,,,,
Apple iPhone 16 Pro 128 Black - 96500,,,,,,,,,,,,,,,,,,,
Apple iPhone 16 Pro 128 Black - 97500,,,,,,,,,,,,,,,,,,,
Apple iPhone 16 Pro 128 Desert - 94400,,,,,,,,,,,,,,,,,,,
Apple iPhone 16 Pro 128 Natural - 93500,,,,,,,,,,,,,,,,,,,
Apple iPhone 16 Pro 128 White - 89300,,,,,,,,,,,,,,,,,,,
Apple iPhone 16 Pro 256 Natural - 96500,,,,,,,,,,,,,,,,,,,
Apple iPhone 16 Pro Max 1 TB Natural - 121000,,,,,,,,,,,,,,,,,,,
Apple iPhone 16 Pro Max 1 TB White - 126900,,,,,,,,,,,,,,,,,,,
Apple iPhone 16 Pro Max 256 Desert - 100800,,,,,,,,,,,,,,,,,,,
Apple iPhone 16 Pro Max 256 Natural - 99700,,,,,,,,,,,,,,,,,,,
Apple iPhone 16 Pro Max 256 White - 99700,,,,,,,,,,,,,,,,,,,
Apple iPhone 16 Pro Max 512 Black - 113500,,,,,,,,,,,,,,,,,,,
Apple iPhone 16 Pro Max 512 Desert - 117200,,,,,,,,,,,,,,,,,,,
Apple iPhone 16 Pro Max 512 Natural - 113500,,,,,,,,,,,,,,,,,,,
Apple iPhone 16 Pro Max 512 White - 113500,,,,,,,,,,,,,,,,,,,
Apple iPhone 18 Pro 1TB Black - 186300,,,,,,,,,,,,,,,,,,,
Apple iPhone 18 Pro 1TB Blue - 186800,,,,,,,,,,,,,,,,,,,
Apple iPhone 18 Pro 1TB Silver - 197700,,,,,,,,,,,,,,,,,,,
Apple iPhone 18 Pro 256 Black - 117000,,,,,,,,,,,,,,,,,,,
Apple iPhone 18 Pro 256 Blue - 118000,,,,,,,,,,,,,,,,,,,
Apple iPhone 18 Pro 256 Silver - 117400,,,,,,,,,,,,,,,,,,,
Apple iPhone 18 Pro 512 Black - 145600,,,,,,,,,,,,,,,,,,,
Apple iPhone 18 Pro 512 Blue - 146900,,,,,,,,,,,,,,,,,,,
Apple iPhone 18 Pro 512 Silver - 149200,,,,,,,,,,,,,,,,,,,
Apple iPhone 18 Pro Max 1TB Black - 195700,,,,,,,,,,,,,,,,,,,
Apple iPhone 18 Pro Max 1TB Blue - 188400,,,,,,,,,,,,,,,,,,,
Apple iPhone 18 Pro Max 1TB Burgundy - 216600,,,,,,,,,,,,,,,,,,,
Apple iPhone 18 Pro Max 1TB Silver - 195700,,,,,,,,,,,,,,,,,,,
Apple iPhone 18 Pro Max 256 Black - 136700,,,,,,,,,,,,,,,,,,,
Apple iPhone 18 Pro Max 256 Blue - 135900,,,,,,,,,,,,,,,,,,,
Apple iPhone 18 Pro Max 256 Burgundy - 155500,,,,,,,,,,,,,,,,,,,
Apple iPhone 18 Pro Max 256 Silver - 135100,,,,,,,,,,,,,,,,,,,
Apple iPhone 18 Pro Max 2TB Black - 253400,,,,,,,,,,,,,,,,,,,
Apple iPhone 18 Pro Max 2TB Blue - 240700,,,,,,,,,,,,,,,,,,,
Apple iPhone 18 Pro Max 2TB Silver - 234600,,,,,,,,,,,,,,,,,,,
Apple iPhone 18 Pro Max 512 Black - 151000,,,,,,,,,,,,,,,,,,,
Apple iPhone 18 Pro Max 512 Blue - 150000,,,,,,,,,,,,,,,,,,,
Apple iPhone 18 Pro Max 512 Burgundy - 174800,,,,,,,,,,,,,,,,,,,
Apple iPhone 18 Pro Max 512 Silver - 159200,,,,,,,,,,,,,,,,,,,
,,,,,,,,,,,,,,,,,,,
Apple Watch SE 3 40 Midnight S/M - 20.500₽,,,,,,,,,,,,,,,,,,,
Apple Watch SE 3 40 Starlight S/M - 22.000₽,,,,,,,,,,,,,,,,,,,
Apple Watch SE 3 44 Midnight M/L- 23.500₽,,,,,,,,,,,,,,,,,,,
Apple Watch SE 3 44 Starlight M/L- 24.000₽,,,,,,,,,,,,,,,,,,,
,,,,,,,,,,,,,,,,,,,
Apple Watch Ultra 3 2025 49mm Black Titanium Black Ocean Band - 57.500₽,,,,,,,,,,,,,,,,,,,
Apple Watch Ultra 3 2025 49mm Natural Titanium Blue Ocean Band - 58.500₽,,,,,,,,,,,,,,,,,,,
,,,,,,,,,,,,,,,,,,,
Apple Watch Ultra 4 49 Black Burgundy Alpine Loop L - 78700,,,,,,,,,,,,,,,,,,,
Apple Watch Ultra 4 49 Black Burgundy Alpine Loop M - 78700,,,,,,,,,,,,,,,,,,,
Apple Watch Ultra 4 49 Black Burgundy Trail Loop M/L - 78700,,,,,,,,,,,,,,,,,,,
Apple Watch Ultra 4 49 Black Burgundy Trail Loop S/M - 78700,,,,,,,,,,,,,,,,,,,
Apple Watch Ultra 4 49 Natural Titanium Desert Alpine Loop M - 82900,,,,,,,,,,,,,,,,,,,
,,,,,,,,,,,,,,,,,,,
Apple MacBook Air 13 M5 16/512 Silver - 117.000₽,,,,,,,,,,,,,,,,,,,
Apple MacBook Air 13 M5 16/512 Sky Blue - 115.000₽,,,,,,,,,,,,,,,,,,,
Apple MacBook Air 13 M5 16/512 Starlight - 115.000₽,,,,,,,,,,,,,,,,,,,
Apple MacBook Air 13 M5 24/1tb Silver - 160.000₽,,,,,,,,,,,,,,,,,,,
Apple MacBook Air 15 M5 16/512 Midnight - 135.000₽,,,,,,,,,,,,,,,,,,,
Apple MacBook Air 15 M5 16/512 Silver - 136.000₽,,,,,,,,,,,,,,,,,,,
Apple MacBook Air 15 M5 16/512 Sky Blue - 135.000₽,,,,,,,,,,,,,,,,,,,
Apple MacBook Air 15 M5 16/512 Starlight - 135.000₽,,,,,,,,,,,,,,,,,,,
,,,,,,,,,,,,,,,,,,,
Apple Watch S11 42 Jet Black S/M - 30.000₽,,,,,,,,,,,,,,,,,,,
Apple Watch S11 42 Rose Gold S/M - 30.000₽,,,,,,,,,,,,,,,,,,,
Apple Watch S11 42 Silver S/M - 30.000₽,,,,,,,,,,,,,,,,,,,
Apple Watch S11 42 Space Gray S/M - 30.000₽,,,,,,,,,,,,,,,,,,,
Apple Watch S11 46 Jet Black M/L - 32.500₽,,,,,,,,,,,,,,,,,,,
Apple Watch S11 46 Rose Gold M/L - 32.500₽,,,,,,,,,,,,,,,,,,,
Apple Watch S11 46 Silver M/L - 33.000₽,,,,,,,,,,,,,,,,,,,
Apple Watch S11 46 Space Gray M/L - 32.500₽,,,,,,,,,,,,,,,,,,,
,,,,,,,,,,,,,,,,,,,
Apple Watch S12 42 Black M/L - 43100,,,,,,,,,,,,,,,,,,,
Apple Watch S12 42 Space Gray M/L - 39600,,,,,,,,,,,,,,,,,,,
Apple Watch S12 42 Space Gray Navy Blue M/L - 46300,,,,,,,,,,,,,,,,,,,
Apple Watch S12 42 Space Gray Navy Blue S/M - 43100,,,,,,,,,,,,,,,,,,,
,,,,,,,,,,,,,,,,,,,
Apple AirTag 1 - 3.000₽,,,,,,,,,,,,,,,,,,,
Apple AirTag 4 - 7.500₽,,,,,,,,,,,,,,,,,,,
,,,,,,,,,,,,,,,,,,,
"Apple MacBook Neo 8/256 Silver(RU) - 68,000",,,,,,,,,,,,,,,,,,,
"Apple MacBook Neo 8/256 Blush(RU) - 67,000",,,,,,,,,,,,,,,,,,,
Apple MacBook Neo 8/256 Indigo(RU) - 67.000,,,,,,,,,,,,,,,,,,,
"Apple MacBook Neo 8/256 Citrus(RU) - 64,000",,,,,,,,,,,,,,,,,,,
,,,,,,,,,,,,,,,,,,,
Apple iPad Air 11 M4 128 Wi-Fi Blue 61000,,,,,,,,,,,,,,,,,,,
Apple iPad Air 11 M4 128 Wi-Fi Purple 61000,,,,,,,,,,,,,,,,,,,
Apple iPad Air 11 M4 128 Wi-Fi Space Gray 61000,,,,,,,,,,,,,,,,,,,
Apple iPad Air 11 M4 128 Wi-Fi Starlight 61000,,,,,,,,,,,,,,,,,,,
,,,,,,,,,,,,,,,,,,,
Apple iPad Pro 11 M5 256 Wi-Fi Silver 100000,,,,,,,,,,,,,,,,,,,
Apple iPad Pro 11 M5 256 Wi-Fi Space Black 96000,,,,,,,,,,,,,,,,,,,
,,,,,,,,,,,,,,,,,,,
Apple iPad 11 А16 (2025) 128 Wi-Fi Blue 50000,,,,,,,,,,,,,,,,,,,
Apple iPad 11 А16 (2025) 128 Wi-Fi Silver 41500,,,,,,,,,,,,,,,,,,,
Apple iPad 11 А16 (2025) 128 Wi-Fi Yellow 40000,,,,,,,,,,,,,,,,,,,
Apple iPad 11 А16 (2025) 256 Wi-Fi Blue 39500,,,,,,,,,,,,,,,,,,,
Apple iPad 11 А16 (2025) 256 Wi-Fi Pink 40500,,,,,,,,,,,,,,,,,,,
Apple iPad 11 А16 (2025) 256 Wi-Fi Silver 50000,,,,,,,,,,,,,,,,,,,
Apple iPad 11 A16 (2025) 128 Wi-Fi Pink 51000,,,,,,,,,,,,,,,,,,,
,,,,,,,,,,,,,,,,,,,
Apple Pencil 2 - 7000,,,,,,,,,,,,,,,,,,,
Apple Pencil USB-C - 7000,,,,,,,,,,,,,,,,,,,
Apple Pencil Pro - 11000,,,,,,,,,,,,,,,,,,,
,,,,,,,,,,,,,,,,,,,
Apple Magic Mouse Black 3 Type-C - 9.000₽,,,,,,,,,,,,,,,,,,,
Apple Magic Mouse White 3 Type-C - 7.000₽,,,,,,,,,,,,,,,,,,,
,,,,,,,,,,,,,,,,,,,
Наушники Apple EarPods Lightning - 1.800₽,,,,,,,,,,,,,,,,,,,
Наушники Apple EarPods Type-C - 2.200₽,,,,,,,,,,,,,,,,,,,